{"cameraMode":{"drawMode":2,"name":"Shaded Wireframe","section":"Shading Mode"},"sceneLighting":false,"audioPlay":false,"sceneViewState":{"showFog":true,"showMaterialUpdate":false,"showSkybox":false,"showFlares":true,"showImageEffects":true,"showParticleSystems":true},"in2DMode":false,"pivot":{"x":0.20087406039237977,"y":49.28912353515625,"z":34.76304626464844},"rotation":{"x":0.031183650717139245,"y":0.6689164042472839,"z":-0.028118696063756944,"w":0.7421976327896118},"size":21.300451278686525,"orthographic":false}