{"cameraMode":{"drawMode":0,"name":"Shaded","section":"Shading Mode"},"sceneLighting":false,"audioPlay":false,"sceneViewState":{"showFog":true,"showMaterialUpdate":false,"showSkybox":false,"showFlares":true,"showImageEffects":true,"showParticleSystems":true},"in2DMode":false,"pivot":{"x":-0.05792766809463501,"y":70.88189697265625,"z":18.40669059753418},"rotation":{"x":-0.1137184351682663,"y":0.8737712502479553,"z":-0.24642294645309449,"w":-0.4038582742214203},"size":5.6940412521362309,"orthographic":false}