{"cameraMode":{"drawMode":1,"name":"Wireframe","section":"Shading Mode"},"sceneLighting":false,"audioPlay":false,"sceneViewState":{"showFog":true,"showMaterialUpdate":false,"showSkybox":false,"showFlares":true,"showImageEffects":true,"showParticleSystems":true},"in2DMode":false,"pivot":{"x":0.3683707118034363,"y":48.09773635864258,"z":34.76213836669922},"rotation":{"x":0.0001153735356638208,"y":0.9996874928474426,"z":0.00749967060983181,"w":-0.025200484320521356},"size":5.027697563171387,"orthographic":false}