{"cameraMode":{"drawMode":0,"name":"Shaded","section":"Shading Mode"},"sceneLighting":false,"audioPlay":false,"sceneViewState":{"showFog":true,"showMaterialUpdate":false,"showSkybox":false,"showFlares":true,"showImageEffects":true,"showParticleSystems":true},"in2DMode":false,"pivot":{"x":-0.5463333129882813,"y":37.65195083618164,"z":41.40501403808594},"rotation":{"x":0.12179060280323029,"y":0.25426432490348818,"z":-0.03222226724028587,"w":0.9589478373527527},"size":18.123220443725587,"orthographic":false}