{"cameraMode":{"drawMode":0,"name":"Shaded","section":"Shading Mode"},"sceneLighting":false,"audioPlay":false,"sceneViewState":{"showFog":true,"showMaterialUpdate":false,"showSkybox":true,"showFlares":true,"showImageEffects":true,"showParticleSystems":true},"in2DMode":false,"pivot":{"x":-0.007173895835876465,"y":111.98161315917969,"z":1.4766440391540528},"rotation":{"x":0.283819317817688,"y":0.5721995830535889,"z":-0.22031880915164948,"w":0.737268328666687},"size":252.06689453125,"orthographic":false}