{"cameraMode":{"drawMode":1,"name":"Wireframe","section":"Shading Mode"},"sceneLighting":false,"audioPlay":false,"sceneViewState":{"showFog":true,"showMaterialUpdate":false,"showSkybox":false,"showFlares":true,"showImageEffects":true,"showParticleSystems":true},"in2DMode":false,"pivot":{"x":0.3683707118034363,"y":48.09773635864258,"z":34.76213836669922},"rotation":{"x":-0.09382627159357071,"y":0.6502588391304016,"z":-0.0813499316573143,"w":-0.7495297789573669},"size":1.7276973724365235,"orthographic":false}