{"cameraMode":{"drawMode":1,"name":"Wireframe","section":"Shading Mode"},"sceneLighting":false,"audioPlay":false,"sceneViewState":{"showFog":true,"showMaterialUpdate":false,"showSkybox":false,"showFlares":true,"showImageEffects":true,"showParticleSystems":true},"in2DMode":false,"pivot":{"x":0.20087406039237977,"y":49.28912353515625,"z":34.76304626464844},"rotation":{"x":0.13519638776779176,"y":0.6761466264724731,"z":-0.1283373236656189,"w":0.7128420472145081},"size":21.24801254272461,"orthographic":false}