{"cameraMode":{"drawMode":1,"name":"Wireframe","section":"Shading Mode"},"sceneLighting":false,"audioPlay":false,"sceneViewState":{"showFog":true,"showMaterialUpdate":false,"showSkybox":false,"showFlares":true,"showImageEffects":true,"showParticleSystems":true},"in2DMode":false,"pivot":{"x":-0.8151273727416992,"y":0.71649169921875,"z":0.17668652534484864},"rotation":{"x":0.14264383912086488,"y":0.6529743075370789,"z":-0.7329152226448059,"w":0.1272001713514328},"size":23.24100112915039,"orthographic":false}